Frequency;Raw_data
10;-67.541911
10.169492;-69.296345
10.32839;-69.41848
10.487288;-68.226998
10.646187;-67.38568
10.805085;-66.862695
10.963984;-66.706125
11.122882;-67.925922
11.28178;-69.797932
11.440679;-69.937634
11.599577;-70.746097
11.758475;-70.618698
11.917373;-70.847424
12.076271;-71.394297
12.235169;-70.401393
12.394068;-69.529678
12.552966;-69.800934
12.711864;-70.367263
12.870763;-69.763755
13.029661;-68.020143
13.18856;-68.837806
13.347458;-70.301312
13.506356;-71.067301
13.665255;-70.986353
13.824153;-71.468287
13.983051;-72.882465
14.14195;-73.37968
14.300848;-73.105045
14.459746;-71.486692
14.618645;-69.470247
14.777543;-69.626712
14.936441;-70.98158
15.09534;-71.788947
15.254238;-72.010064
15.413136;-70.019638
15.572034;-68.712778
15.730932;-69.316191
15.889831;-69.238932
16.048729;-64.896235
16.207628;-63.718138
16.366526;-65.72037
16.525425;-63.808164
16.684322;-63.088854
16.843222;-66.785047
17.002119;-66.078827
17.161016;-63.570685
17.319916;-65.366556
17.478813;-68.052042
17.637712;-68.128847
17.79661;-69.259851
17.955509;-70.219518
18.114407;-69.461257
18.273306;-69.6506
18.432203;-71.41974
18.591103;-72.682597
18.75;-72.948867
18.908899;-71.026504
19.067797;-68.755729
19.226696;-67.813491
19.385593;-70.161705
19.544493;-74.558235
19.70339;-76.674928
19.862289;-75.292706
20.021187;-72.057326
20.180086;-70.938692
20.338984;-70.304926
20.497881;-69.92539
20.65678;-70.121864
20.815678;-69.485732
20.974577;-67.371007
21.133474;-68.374945
21.292374;-71.606338
21.451271;-73.993701
21.61017;-72.741661
21.769068;-73.07738
21.927967;-75.0475
22.086864;-72.642017
22.245764;-70.304136
22.404661;-70.958796
22.56356;-74.190014
22.722458;-72.828633
22.881357;-70.890582
23.040255;-70.462968
23.199154;-70.911798
23.358051;-73.174356
23.516951;-74.270738
23.675848;-75.222175
23.834745;-76.374828
23.993645;-72.905429
24.152542;-71.217652
24.311441;-72.349186
24.470339;-72.390544
24.629238;-72.168059
24.788136;-73.603908
24.947035;-75.451603
25.105932;-74.889024
25.264832;-74.264342
25.423729;-72.374245
25.582628;-72.365513
25.741526;-74.015672
25.900425;-74.544108
26.059322;-76.20698
26.218222;-75.238055
26.377119;-73.531876
26.536018;-73.449432
26.694916;-74.067564
26.853815;-74.961621
27.012712;-74.08191
27.17161;-71.759184
27.330509;-72.126691
27.489407;-72.998935
27.648306;-72.951532
27.807203;-71.917816
27.966103;-72.47402
28.125;-74.28382
28.283899;-73.985849
28.442797;-74.008081
28.601696;-74.191742
28.760593;-74.270914
28.919493;-74.378935
29.07839;-74.487476
29.237289;-74.567643
29.396187;-74.620861
29.555086;-74.666567
29.713984;-74.721952
29.872883;-74.800277
30;-75.349889
30.190678;-75.899501
30.720339;-74.020783
31.249998;-72.54979
31.779659;-72.304347
32.309322;-71.688201
32.838982;-72.34943
33.368645;-74.508727
33.898304;-75.011972
34.427963;-73.477292
34.957626;-72.423005
35.487286;-72.084946
36.016949;-73.330589
36.546608;-73.551097
37.076271;-73.675265
37.60593;-74.797283
38.135593;-74.848764
38.665253;-74.363593
39.194916;-74.718914
39.724575;-74.597145
40.254234;-74.081384
40.783897;-73.778462
41.313557;-73.704348
41.84322;-74.102311
42.372879;-74.437815
42.902542;-74.645921
43.432201;-74.255818
43.961864;-74.006548
44.491524;-74.391063
45.021187;-74.969566
45.550846;-75.729563
46.080505;-75.405138
46.610168;-75.164715
47.139828;-75.213726
47.669491;-74.812041
48.19915;-74.350874
48.728813;-74.31961
49.258472;-73.805566
49.788136;-74.323535
50.317795;-75.075171
50.847458;-75.431146
51.377117;-76.101722
51.906776;-75.478476
52.43644;-74.510653
52.966099;-74.770478
53.495762;-75.051482
54.025421;-75.366186
54.555084;-75.356742
55.084743;-75.165453
55.614407;-75.194814
56.144066;-72.712235
56.673725;-76.003578
57.203388;-76.175516
57.733047;-74.682151
58.262711;-74.834686
58.79237;-75.487481
59.322033;-77.334232
59.851692;-76.602752
60.381355;-76.196109
60.911015;-77.0426
61.440678;-78.029112
61.970337;-76.955625
62.499996;-75.677587
63.029659;-75.713445
63.559319;-76.51169
64.088982;-76.654094
64.618645;-77.054328
65.1483;-77.086777
65.677963;-77.277817
66.207626;-76.935063
66.737289;-75.802609
67.266945;-75.77619
67.796608;-75.499985
68.326271;-75.137746
68.855927;-76.181237
69.38559;-76.374593
69.915253;-76.179244
70.444916;-76.561577
70.974571;-76.849132
71.504234;-77.103756
72.033897;-76.922988
72.56356;-76.321572
73.093216;-76.469827
73.622879;-78.04509
74.152542;-78.726514
74.682198;-77.910489
75.211861;-77.190733
75.741524;-76.587235
76.271187;-76.571585
76.800842;-77.304172
77.330505;-77.20801
77.860168;-77.511722
78.389832;-78.110961
78.919487;-78.352193
79.44915;-78.145892
79.978813;-77.461453
80.508469;-77.59777
81.038132;-77.188503
81.567795;-76.817113
82.097458;-76.717214
82.627113;-75.176892
83.156776;-73.211929
83.68644;-74.22417
84.216103;-77.346452
84.745758;-78.861534
85.275421;-78.998914
85.805084;-79.577901
86.33474;-79.372667
86.864403;-79.158113
87.394066;-79.935371
87.923729;-79.477294
88.453384;-77.807537
88.983047;-77.949469
89.512711;-79.309026
90.042374;-79.508666
90.572029;-79.705411
91.101692;-78.822491
91.631355;-78.105509
92.161011;-79.034958
92.690674;-80.465265
93.220337;-81.195892
93.75;-81.1113
94.279655;-79.820557
94.809319;-77.266002
95.338982;-76.483698
95.868645;-76.662977
96.3983;-76.746869
96.927963;-76.80041
97.457626;-76.778593
97.987282;-76.642277
98.516945;-76.443604
99.046608;-76.263252
99.576271;-76.143481
100;-76.280738
100.105934;-76.417995
101.694916;-78.101416
103.283897;-79.979994
104.872879;-80.501738
106.461868;-80.398802
108.05085;-80.995816
109.639832;-80.633033
111.228813;-80.032658
112.817795;-80.331499
114.406784;-80.603308
115.995766;-80.026086
117.584747;-79.636162
119.173729;-80.345359
120.762711;-81.416608
122.351692;-81.42435
123.940681;-80.528186
125.529663;-79.844487
127.118645;-80.528168
128.707626;-81.575976
130.296616;-81.898746
131.88559;-81.819942
133.474579;-81.595017
135.063553;-81.828819
136.652542;-82.238089
138.241531;-81.833587
139.830505;-81.576197
141.419495;-81.662899
143.008469;-81.923192
144.597458;-82.518486
146.186447;-82.426425
147.775421;-80.177308
149.36441;-81.707735
150.953384;-81.182018
152.542374;-80.710858
154.131363;-82.590888
155.720337;-81.762226
157.309326;-80.653442
158.8983;-81.039246
160.487289;-81.463862
162.076279;-81.722048
163.665253;-82.02104
165.254242;-81.983783
166.843216;-81.852502
168.432205;-80.27079
170.021194;-79.065087
171.610168;-80.389629
173.199158;-77.783597
174.788132;-77.860805
176.377121;-77.937274
177.966095;-78.013018
179.555084;-78.08805
181.144073;-78.162381
182.733047;-77.916386
184.322037;-76.584245
185.911011;-78.673619
187.5;-80.18594
189.088989;-80.866853
190.677963;-82.114686
192.266953;-80.471057
193.855927;-77.097725
195.444916;-79.094037
197.033905;-80.043312
198.622879;-80.624042
200.211868;-80.690816
201.800842;-80.243642
203.389832;-80.822671
204.978821;-80.37439
206.567795;-81.168511
208.156784;-82.191303
209.745758;-82.600254
211.334747;-81.783106
212.923737;-79.744075
214.512711;-77.776957
216.1017;-76.847825
217.690674;-78.027547
219.279663;-80.103467
220.868652;-79.960033
222.457626;-78.663133
224.046616;-78.997601
225.63559;-80.283801
227.224579;-80.278627
228.813568;-80.204465
230.402542;-80.289925
231.991531;-79.593919
233.580505;-79.114998
235.169495;-79.711652
236.758469;-80.240199
238.347458;-80.917893
239.936447;-81.323254
241.525421;-80.69274
243.11441;-79.872652
244.703384;-79.068677
246.292374;-78.528073
247.881363;-77.656329
249.470337;-76.04288
251.059326;-76.431738
252.6483;-76.244696
254.237289;-77.386756
255.826279;-77.721277
257.415253;-78.312872
259.004242;-78.49555
260.593231;-79.035292
262.18219;-78.480257
263.771179;-77.635072
265.360168;-77.761941
266.949158;-76.964153
268.538147;-76.225122
270.127106;-76.395807
271.716095;-76.842195
273.305084;-76.622523
274.894073;-76.565274
276.483063;-76.220627
278.072021;-75.261256
279.661011;-74.282525
281.25;-74.240278
282.838989;-74.176167
284.427979;-74.17863
286.016937;-74.223551
287.605927;-74.165595
289.194916;-74.071885
290.783905;-73.9185
292.372894;-73.721267
293.961853;-73.515333
295.550842;-73.342944
297.139832;-73.230316
298.728821;-73.181128
300;-70.19128
301.906799;-67.201433
307.2034;-70.346137
312.5;-65.489709
317.796631;-66.454403
323.093231;-70.297204
328.389832;-74.534309
333.686462;-75.02035
338.983063;-72.915826
344.279663;-76.167592
349.576294;-73.036744
354.872894;-72.955409
360.169495;-71.937529
365.466125;-76.985386
370.762726;-76.843248
376.059326;-77.252814
381.355957;-76.764016
386.652557;-75.509918
391.949158;-80.257101
397.245789;-76.677239
402.542389;-76.798516
407.838989;-81.27525
413.13562;-83.066302
418.43222;-83.195929
423.728821;-86.086902
429.025452;-86.995995
434.322052;-86.115114
439.618652;-87.43229
444.915283;-87.652063
450.211884;-88.259298
455.508484;-90.195915
460.805115;-90.535471
466.101715;-89.684941
471.398315;-90.269385
476.694946;-89.269571
481.991547;-87.696745
487.288147;-85.293941
492.584778;-90.422248
497.881378;-88.522535
503.177979;-89.175586
508.474609;-90.549748
513.771179;-87.228882
519.06781;-88.482524
524.364441;-91.180837
529.661011;-91.794872
534.957642;-92.299098
540.254272;-93.591933
545.550842;-92.14858
550.847473;-91.66598
556.144104;-93.582983
561.440674;-94.722738
566.737305;-94.924415
572.033936;-95.626137
577.330505;-92.908168
582.627136;-89.632752
587.923767;-87.903484
593.220337;-90.666003
598.516968;-88.403924
603.813599;-90.157986
609.110168;-94.06288
614.406799;-91.261053
619.70343;-91.425291
625;-93.512877
630.296631;-92.351804
635.593262;-94.004518
640.889832;-84.542191
646.186462;-84.593378
651.483093;-84.64391
656.779663;-84.693798
662.076294;-84.743052
667.372925;-84.791683
672.669495;-84.8397
677.966125;-84.887116
683.262756;-89.536854
688.559326;-85.641814
693.855957;-96.066995
699.152588;-95.839781
704.449158;-97.020416
709.745789;-99.326366
715.042419;-98.429676
720.338989;-97.788371
725.63562;-95.88452
730.932251;-95.315344
736.228821;-97.062483
741.525452;-99.404779
746.822083;-99.027373
752.118652;-98.848805
757.415283;-100.289733
762.711914;-99.092288
768.008484;-101.585284
773.305115;-102.745611
778.601746;-100.678565
783.898315;-99.352721
789.194946;-97.453175
794.491577;-97.854542
799.788147;-96.040202
805.084778;-98.491263
810.381409;-98.288291
815.677979;-100.245427
820.974609;-101.152156
826.27124;-102.05643
831.56781;-101.211439
836.864441;-101.740715
842.161072;-102.660195
847.457642;-101.586893
852.754272;-101.803823
858.050903;-100.379918
863.347473;-102.859712
868.644104;-103.437822
873.940735;-103.125526
879.237305;-100.785453
884.533936;-100.20733
889.830566;-101.633176
895.127136;-101.595904
900.423767;-100.322474
905.720398;-98.137103
911.016968;-100.59173
916.313599;-101.714919
921.610229;-103.359594
926.906799;-103.668143
932.20343;-102.53416
937.500061;-100.886775
942.796631;-104.72213
948.093262;-103.184009
953.389893;-103.399111
958.686462;-103.697533
963.983093;-103.834213
969.279724;-103.937309
974.576294;-103.962963
979.872925;-103.921505
985.169556;-103.858471
990.466125;-103.817935
995.762756;-103.815872
1000;-103.627298
1010.742188;-103.438724
1025.390625;-103.501163
1040.039063;-105.05054
1054.6875;-104.942748
1069.335938;-104.169351
1083.984375;-99.956892
1098.632813;-104.612528
1113.28125;-100.719127
1127.929688;-102.654036
1142.578125;-106.467119
1157.226563;-105.029334
1171.875;-101.120601
1186.523438;-104.220741
1201.171875;-106.075158
1215.820313;-107.131715
1230.46875;-102.271026
1245.117188;-106.483795
1259.765625;-107.162818
1274.414063;-103.267682
1289.0625;-107.168823
1303.710938;-107.281427
1318.359375;-107.28974
1333.007813;-105.191791
1347.65625;-103.654782
1362.304688;-104.425361
1376.953125;-106.932757
1391.601563;-107.748171
1406.25;-107.396974
1420.898438;-102.908683
1435.546875;-107.910861
1450.195313;-108.372375
1464.84375;-104.862572
1479.492188;-104.928432
1494.140625;-109.085566
1508.789063;-109.034576
1523.4375;-106.498481
1538.085938;-108.602465
1552.734375;-108.580548
1567.382813;-108.496832
1582.03125;-109.86755
1596.679688;-109.845186
1611.328125;-109.44626
1625.976563;-106.855488
1640.625;-109.051289
1655.273438;-108.597315
1669.921875;-107.175463
1684.570313;-109.115826
1699.21875;-109.77751
1713.867188;-109.479256
1728.515625;-108.089614
1743.164063;-107.394011
1757.8125;-107.53218
1772.460938;-108.602813
1787.109375;-107.1694
1801.757813;-109.890119
1816.40625;-110.111318
1831.054688;-109.895956
1845.703125;-110.447003
1860.351563;-109.839179
1875;-108.924544
1889.648438;-108.335619
1904.296875;-108.121224
1918.945313;-108.538309
1933.59375;-108.372029
1948.242188;-107.557304
1962.890625;-108.193218
1977.539063;-109.639288
1992.1875;-109.01698
2006.835938;-108.517981
2021.484375;-106.88329
2036.132813;-103.553304
2050.78125;-103.568616
2065.429688;-107.201486
2080.078125;-109.703368
2094.726563;-109.538174
2109.375;-109.531498
2124.023438;-109.251319
2138.671875;-107.362106
2153.320313;-106.815213
2167.96875;-108.672105
2182.617188;-109.594071
2197.265625;-109.020226
2211.914063;-109.779325
2226.5625;-110.274787
2241.210938;-109.282524
2255.859375;-109.396296
2270.507813;-110.505011
2285.15625;-110.089297
2299.804688;-109.289094
2314.453125;-109.732143
2329.101563;-109.688402
2343.75;-108.752369
2358.398438;-109.537435
2373.046875;-110.821943
2387.695313;-109.975058
2402.34375;-109.609283
2416.992188;-110.917418
2431.640625;-110.966157
2446.289063;-109.905236
2460.9375;-109.910774
2475.585938;-110.106862
2490.234375;-109.623707
2504.882813;-109.288958
2519.53125;-109.932615
2534.179688;-110.383179
2548.828125;-110.127561
2563.476563;-110.418777
2578.125;-111.317339
2592.773438;-111.103068
2607.421875;-110.935845
2622.070313;-111.434173
2636.71875;-111.240534
2651.367188;-110.53751
2666.015625;-110.469226
2680.664063;-110.316899
2695.3125;-110.223732
2709.960938;-110.730408
2724.609375;-110.664344
2739.257813;-110.115056
2753.90625;-110.224204
2768.554688;-111.369707
2783.203125;-111.640541
2797.851563;-111.19811
2812.5;-111.527579
2827.148438;-111.699612
2841.796875;-111.70979
2856.445313;-111.588484
2871.09375;-111.501753
2885.742188;-111.395023
2900.390625;-111.290165
2915.039063;-111.198833
2929.6875;-111.120329
2944.335938;-111.052487
2958.984375;-110.990192
2973.632813;-110.930732
2988.28125;-110.87228
3000;-111.051788
3027.34375;-111.231296
3076.171875;-112.192061
3125;-112.103184
3173.828125;-110.88311
3222.65625;-110.750367
3271.484375;-111.488808
3320.3125;-111.75688
3369.140625;-111.543037
3417.96875;-111.766984
3466.796875;-112.283651
3515.625;-111.928282
3564.453125;-111.337011
3613.28125;-111.392406
3662.109375;-111.97259
3710.9375;-111.726717
3759.765625;-110.681275
3808.59375;-110.378058
3857.421875;-111.000679
3906.25;-111.856836
3955.078125;-112.676381
4003.90625;-112.678544
4052.734375;-112.018364
4101.5625;-111.293658
4150.390625;-111.338986
4199.21875;-112.15372
4248.046875;-112.779898
4296.875;-112.843638
4345.703125;-112.344096
4394.53125;-112.128873
4443.359375;-112.492324
4492.1875;-112.579234
4541.015625;-112.424837
4589.84375;-112.35919
4638.671875;-112.323469
4687.5;-112.743157
4736.328125;-112.945603
4785.15625;-112.864659
4833.984375;-112.710169
4882.8125;-112.651961
4931.640625;-112.45095
4980.46875;-111.569452
5029.296875;-111.406062
5078.125;-111.873518
5126.953125;-112.325279
5175.78125;-112.75404
5224.609375;-112.264935
5273.4375;-111.840648
5322.265625;-111.671512
5371.09375;-111.712956
5419.921875;-111.91252
5468.75;-112.629455
5517.578125;-113.188046
5566.40625;-112.825842
5615.234375;-112.503487
5664.0625;-112.472613
5712.890625;-113.072076
5761.71875;-113.621804
5810.546875;-112.854252
5859.375;-112.667775
5908.203125;-112.980945
5957.03125;-112.525562
6005.859375;-112.165016
6054.6875;-112.327329
6103.515625;-112.345046
6152.34375;-112.116037
6201.171875;-112.301968
6250;-112.57084
6298.828125;-112.917168
6347.65625;-113.552096
6396.484375;-113.383264
6445.3125;-112.822218
6494.140625;-112.988573
6542.96875;-113.441686
6591.796875;-113.386312
6640.625;-113.057362
6689.453125;-112.797552
6738.28125;-113.024763
6787.109375;-113.011052
6835.9375;-112.823311
6884.765625;-113.174427
6933.59375;-113.400811
6982.421875;-112.961017
7031.25;-112.160155
7080.078125;-111.744026
7128.90625;-112.151671
7177.734375;-112.557436
7226.5625;-112.391676
7275.390625;-112.149279
7324.21875;-112.332958
7373.046875;-113.429918
7421.875;-113.728981
7470.703125;-112.968085
7519.53125;-112.313986
7568.359375;-112.119872
7617.1875;-112.644334
7666.015625;-113.182215
7714.84375;-113.449223
7763.671875;-113.333126
7812.5;-112.938369
7861.328125;-112.74554
7910.15625;-112.786342
7958.984375;-113.122969
8007.8125;-112.913451
8056.640625;-112.570401
8105.46875;-112.903148
8154.296875;-113.277849
8203.125;-113.476056
8251.953125;-112.878574
8300.78125;-112.713562
8349.609375;-112.908518
8398.4375;-112.992156
8447.265625;-113.195796
8496.09375;-113.223291
8544.921875;-113.234334
8593.75;-113.162593
8642.578125;-112.736709
8691.40625;-112.855916
8740.234375;-113.822387
8789.0625;-114.154025
8837.890625;-113.836773
8886.71875;-113.391986
8935.546875;-112.645924
8984.375;-112.537698
9033.203125;-112.896876
9082.03125;-112.764897
9130.859375;-112.439342
9179.6875;-112.440883
9228.515625;-113.043538
9277.34375;-113.067879
9326.171875;-112.665959
9375;-112.694411
9423.828125;-113.001735
9472.65625;-112.891876
9521.484375;-112.513712
9570.3125;-112.384206
9619.140625;-112.425237
9667.96875;-112.521112
9716.796875;-112.654955
9765.625;-112.812973
9814.453125;-112.957216
9863.28125;-113.058207
9912.109375;-113.109998
9960.9375;-113.124271
10000;-113.373259
10107.42188;-113.622247
10253.90625;-112.984312
10400.39063;-112.945627
10546.875;-113.550062
10693.35938;-113.889957
10839.84375;-113.809689
10986.32813;-113.801009
11132.8125;-113.946901
11279.29688;-113.354958
11425.78125;-112.916929
11572.26563;-112.937136
11718.75;-112.849969
11865.23438;-113.112754
12011.71875;-113.334237
12158.20313;-113.459503
12304.6875;-113.123526
12451.17188;-112.568385
12597.65625;-112.512916
12744.14063;-113.012111
12890.625;-113.112486
13037.10938;-112.501411
13183.59375;-112.213784
13330.07813;-111.910574
13476.5625;-111.869828
13623.04688;-112.193208
13769.53125;-112.657572
13916.01563;-113.199893
14062.5;-113.114902
14208.98438;-113.203981
14355.46875;-113.339062
14501.95313;-113.352994
14648.4375;-113.768778
14794.92188;-113.538555
14941.40625;-113.459188
15087.89063;-113.5152
15234.375;-112.990027
15380.85938;-112.31535
15527.34375;-112.186627
15673.82813;-112.290879
15820.3125;-112.437669
15966.79688;-112.137394
16113.28125;-112.017913
16259.76563;-112.634252
16406.25;-113.175549
16552.73438;-113.430459
16699.21875;-113.070415
16845.70313;-113.255792
16992.1875;-113.64825
17138.67188;-113.238326
17285.15625;-113.049542
17431.64063;-113.178233
17578.125;-113.180415
17724.60938;-113.104219
17871.09375;-113.19926
18017.57813;-112.802176
18164.0625;-112.17975
18310.54688;-112.445304
18457.03125;-113.028551
18603.51563;-112.787053
18750;-112.653305
18896.48438;-113.088676
19042.96875;-113.652788
19189.45313;-114.014124
19335.9375;-113.679876
19482.42188;-113.222392
19628.90625;-113.136739
19775.39063;-113.028342
19921.875;-112.672956
20068.35938;-112.709206
20214.84375;-112.752741
20361.32813;-112.472437
20507.8125;-112.46313
20654.29688;-112.452372
20800.78125;-112.781812
20947.26563;-113.286231
21093.75;-113.262442
21240.23438;-113.060825
21386.71875;-113.080337
21533.20313;-112.905992
21679.6875;-112.485997
21826.17188;-111.862313
21972.65625;-111.174466
22119.14063;-111.230806
22265.625;-111.635302
22412.10938;-111.610729
22558.59375;-111.731283
22705.07813;-112.10149
22851.5625;-112.605766
22998.04688;-112.562449
23144.53125;-112.412977
23291.01563;-112.90177
23437.5;-113.681654
23583.98438;-113.624227
23730.46875;-112.499061
23876.95313;-112.1227
24023.4375;-112.23309
24169.92188;-111.721733
24316.40625;-111.897181
24462.89063;-112.572364
24609.375;-112.155639
24755.85938;-111.510546
24902.34375;-111.4739
25048.82813;-111.825792
25195.3125;-112.181055
25341.79688;-112.368769
25488.28125;-112.47618
25634.76563;-112.483561
25781.25;-112.826051
25927.73438;-112.864481
26074.21875;-112.56329
26220.70313;-112.431639
26367.1875;-112.543129
26513.67188;-112.793092
26660.15625;-112.609003
26806.64063;-111.840645
26953.125;-111.373692
27099.60938;-111.554975
27246.09375;-111.953099
27392.57813;-112.025277
27539.0625;-111.868675
27685.54688;-111.903619
27832.03125;-112.309787
27978.51563;-111.999351
28125;-111.623421
28271.48438;-111.95559
28417.96875;-112.055791
28564.45313;-112.27243
28710.9375;-112.444291
28857.42188;-112.573719
29003.90625;-112.680853
29150.39063;-112.74581
29296.875;-112.76744
29443.35938;-112.754665
29589.84375;-112.723103
29736.32813;-112.689691
29882.8125;-112.665787
30000;-112.547223
30273.4375;-112.428659
30761.71875;-112.818904
31250;-113.16001
31738.28125;-112.666377
32226.5625;-112.525675
32714.84375;-112.778101
33203.125;-112.845833
33691.40625;-112.664996
34179.6875;-112.537141
34667.96875;-112.881012
35156.25;-113.282483
35644.53125;-113.215455
36132.8125;-114.198194
36621.09375;-114.784631
37109.375;-114.898012
37597.65625;-115.129763
38085.9375;-115.135883
38574.21875;-115.345963
39062.5;-115.54391
39550.78125;-114.802573
40039.0625;-114.417664
40527.34375;-114.911815
41015.625;-115.471536
41503.90625;-115.621106
41992.1875;-115.665786
42480.46875;-115.376067
42968.75;-115.177356
43457.03125;-115.67327
43945.3125;-116.065301
44433.59375;-116.225003
44921.875;-116.219584
45410.15625;-116.383907
45898.4375;-117.068183
46386.71875;-117.663733
46875;-117.728415
47363.28125;-117.772665
47851.5625;-117.911788
48339.84375;-118.403793
48828.125;-118.53743
49316.40625;-117.706179
49804.6875;-117.263419
50292.96875;-117.265424
50781.25;-117.402418
51269.53125;-117.921392
51757.8125;-118.519705
52246.09375;-118.67997
52734.375;-118.590849
53222.65625;-118.397586
53710.9375;-118.883203
54199.21875;-119.025996
54687.5;-118.24853
55175.78125;-118.307192
55664.0625;-118.970869
56152.34375;-119.003235
56640.625;-119.068378
57128.90625;-119.282774
57617.1875;-119.07344
58105.46875;-119.251193
58593.75;-119.756093
59082.03125;-119.878736
59570.3125;-119.855542
60058.59375;-119.729003
60546.875;-119.645896
61035.15625;-119.83587
61523.4375;-119.951151
62011.71875;-119.566968
62500;-119.324283
62988.28125;-119.827789
63476.5625;-119.897925
63964.84375;-119.648242
64453.125;-120.258868
64941.40625;-120.489119
65429.6875;-119.814391
65917.96875;-119.591677
66406.25;-119.868087
66894.53125;-120.189402
67382.8125;-120.348946
67871.09375;-120.581393
68359.375;-120.809078
68847.65625;-120.613156
69335.9375;-120.548768
69824.21875;-120.361952
70312.5;-120.639713
70800.78125;-121.050172
71289.0625;-120.912511
71777.34375;-120.924859
72265.625;-121.032328
72753.90625;-121.641056
73242.1875;-121.989768
73730.46875;-121.778698
74218.75;-121.425716
74707.03125;-121.261628
75195.3125;-121.136508
75683.59375;-120.849856
76171.875;-120.903171
76660.15625;-121.910289
77148.4375;-122.853337
77636.71875;-122.496672
78125;-122.050032
78613.28125;-122.077598
79101.5625;-122.363378
79589.84375;-122.601272
80078.125;-122.092422
80566.40625;-121.829384
81054.6875;-122.262038
81542.96875;-122.578182
82031.25;-122.313096
82519.53125;-121.963899
83007.8125;-121.499424
83496.09375;-121.019432
83984.375;-121.207705
84472.65625;-121.588079
84960.9375;-121.879901
85449.21875;-122.484432
85937.5;-122.916403
86425.78125;-122.777744
86914.0625;-122.521785
87402.34375;-122.236292
87890.625;-122.213099
88378.90625;-122.210814
88867.1875;-122.855613
89355.46875;-123.194282
89843.75;-123.252311
90332.03125;-123.927081
90820.3125;-124.273661
91308.59375;-124.050474
91796.875;-123.840962
92285.15625;-123.70515
92773.4375;-123.370889
93261.71875;-123.141536
93750;-123.384274
94238.28125;-123.458829
94726.5625;-123.281004
95214.84375;-123.336824
95703.125;-123.297976
96191.40625;-123.219277
96679.6875;-123.204009
97167.96875;-123.202899
97656.25;-123.232629
98144.53125;-123.293681
98632.8125;-123.371032
99121.09375;-123.445169
99609.375;-123.502083
100000;-123.418298
101074.2188;-123.334513
102539.0625;-123.747179
104003.9063;-123.845573
105468.75;-123.576371
106933.5938;-123.54509
108398.4375;-123.687763
109863.2813;-124.246413
111328.125;-124.785255
112792.9688;-124.851881
114257.8125;-124.831057
115722.6563;-124.93847
117187.5;-124.518987
118652.3438;-124.036411
120117.1875;-124.239664
121582.0313;-124.718763
123046.875;-125.008388
124511.7188;-125.00561
125976.5625;-125.0339
127441.4063;-124.85413
128906.25;-124.760414
130371.0938;-125.362312
131835.9375;-125.722368
133300.7813;-125.059528
134765.625;-124.703016
136230.4688;-125.00605
137695.3125;-124.885581
139160.1563;-124.326968
140625;-124.525594
142089.8438;-125.274841
143554.6875;-125.735223
145019.5313;-125.325602
146484.375;-125.0016
147949.2188;-125.581538
149414.0625;-126.299896
150878.9063;-126.301967
152343.75;-126.266595
153808.5938;-125.894754
155273.4375;-125.502515
156738.2813;-125.505237
158203.125;-125.59818
159667.9688;-125.581606
161132.8125;-125.88394
162597.6563;-126.431164
164062.5;-126.920107
165527.3438;-126.51702
166992.1875;-125.452672
168457.0313;-125.067834
169921.875;-125.492151
171386.7188;-126.506399
172851.5625;-126.432491
174316.4063;-126.200002
175781.25;-125.963148
177246.0938;-125.662641
178710.9375;-126.061579
180175.7813;-124.528503
181640.625;-126.223723
183105.4688;-126.609855
184570.3125;-126.351855
186035.1563;-125.948003
187500;-125.994009
188964.8438;-126.054526
190429.6875;-126.011177
191894.5313;-126.301683
193359.375;-126.627255
194824.2188;-126.498001
196289.0625;-126.252323
197753.9063;-126.18973
199218.75;-126.263969
200683.5938;-126.284106
202148.4375;-126.319098
203613.2813;-126.750496
205078.125;-126.477295
206542.9688;-126.188891
208007.8125;-126.38006
209472.6563;-126.617351
210937.5;-126.727354
212402.3438;-126.750783
213867.1875;-126.835324
215332.0313;-126.662481
216796.875;-126.656627
218261.7188;-126.405517
219726.5625;-126.620297
221191.4063;-127.219011
222656.25;-127.268495
224121.0938;-126.852145
225585.9375;-127.072903
227050.7813;-127.381192
228515.625;-127.731933
229980.4688;-127.586459
231445.3125;-127.433056
232910.1563;-127.657855
234375;-127.502874
235839.8438;-127.49431
237304.6875;-127.163564
238769.5313;-126.569567
240234.375;-126.836388
241699.2188;-127.219585
243164.0625;-127.328176
244628.9063;-127.693857
246093.75;-127.76359
247558.5938;-127.787381
249023.4375;-128.27024
250488.2813;-128.24518
251953.125;-127.756179
253417.9688;-127.429665
254882.8125;-127.255891
256347.6563;-127.005907
257812.5;-127.059254
259277.3438;-127.503934
260742.1875;-127.505324
262207.0313;-127.10808
263671.875;-126.827714
265136.7188;-127.079009
266601.5625;-126.9641
268066.4063;-126.357524
269531.25;-126.554128
270996.0938;-126.905501
272460.9375;-126.924691
273925.7813;-126.940121
275390.625;-127.134311
276855.4688;-127.359921
278320.3125;-127.136074
279785.1563;-127.038312
281250;-127.362526
282714.8438;-127.084245
284179.6875;-127.017576
285644.5313;-127.101475
287109.375;-127.203207
288574.2188;-127.324099
290039.0625;-127.463852
291503.9063;-127.599718
292968.75;-127.713751
294433.5938;-127.795835
295898.4375;-127.848654
297363.2813;-127.881101
298828.125;-127.90293
300000;-127.64985
302734.375;-127.39677
307617.1875;-127.600458
312500;-127.342404
317382.8125;-126.950934
322265.625;-127.144712
327148.4375;-127.404849
332031.25;-126.2046
336914.0625;-127.404644
341796.875;-127.35693
346679.6875;-127.358284
351562.5;-127.408711
356445.3125;-127.431238
361328.125;-127.775187
366210.9375;-127.270236
371093.75;-127.422148
375976.5625;-127.571208
380859.375;-127.736613
385742.1875;-127.693148
390625;-127.673346
395507.8125;-127.757453
400390.625;-128.011702
405273.4375;-128.001668
410156.25;-127.761135
415039.0625;-127.65819
419921.875;-127.721614
424804.6875;-128.126389
429687.5;-128.376813
434570.3125;-128.162765
439453.125;-127.684867
444335.9375;-127.635049
449218.75;-127.915651
454101.5625;-128.020074
458984.375;-128.046234
463867.1875;-127.960248
468750;-127.843412
473632.8125;-127.784598
478515.625;-127.64543
483398.4375;-127.513461
488281.25;-127.642281
493164.0625;-127.865745
498046.875;-128.07789
502929.6875;-127.839856
507812.5;-127.385176
512695.3125;-127.689922
517578.125;-128.004529
522460.9375;-128.075864
527343.75;-128.181303
532226.5625;-128.240132
537109.375;-128.333256
541992.1875;-128.210318
546875;-128.171286
551757.8125;-128.382516
556640.625;-128.440849
561523.4375;-128.447614
566406.25;-128.476218
571289.0625;-128.608543
576171.875;-128.376492
581054.6875;-127.9979
585937.5;-127.99644
590820.3125;-128.077144
595703.125;-128.022898
600585.9375;-127.885052
605468.75;-128.063068
610351.5625;-128.665285
615234.375;-128.821266
620117.1875;-128.561754
625000;-128.63557
629882.8125;-128.580027
634765.625;-128.291473
639648.4375;-127.968455
644531.25;-128.026437
649414.0625;-128.235254
654296.875;-128.198999
659179.6875;-128.188528
664062.5;-128.11542
668945.3125;-128.306281
673828.125;-128.668626
678710.9375;-128.9928
683593.75;-128.736812
688476.5625;-128.013084
693359.375;-127.449456
698242.1875;-127.283126
703125;-127.050452
708007.8125;-126.848722
712890.625;-127.49509
717773.4375;-128.194434
722656.25;-128.366023
727539.0625;-128.283852
732421.875;-128.16197
737304.6875;-128.168703
742187.5;-128.669044
747070.3125;-129.131217
751953.125;-128.54061
756835.9375;-127.837107
761718.75;-127.658304
766601.5625;-127.715654
771484.375;-127.969898
776367.1875;-127.989122
781250;-127.816603
786132.8125;-127.811264
791015.625;-127.766578
795898.4375;-127.695102
800781.25;-127.906394
805664.0625;-128.238112
810546.875;-128.34779
815429.6875;-128.105571
820312.5;-128.014422
825195.3125;-128.078537
830078.125;-127.988717
834960.9375;-127.835341
839843.75;-127.939613
844726.5625;-127.979412
849609.375;-128.050949
854492.1875;-128.365343
859375;-128.325664
864257.8125;-128.133987
869140.625;-128.008138
874023.4375;-128.027089
878906.25;-127.839446
883789.0625;-127.489089
888671.875;-127.819244
893554.6875;-128.323295
898437.5;-128.438895
903320.3125;-128.291957
908203.125;-128.18797
913085.9375;-128.356659
917968.75;-128.40749
922851.5625;-128.625133
927734.375;-128.631011
932617.1875;-128.253377
937500;-128.244189
942382.8125;-128.480403
947265.625;-128.482415
952148.4375;-128.564769
957031.25;-128.614814
961914.0625;-128.635469
966796.875;-128.605854
971679.6875;-128.552095
976562.5;-128.473119
981445.3125;-128.378167
986328.125;-128.285198
991210.9375;-128.207526
996093.75;-128.150594
1000000;-128.073521
1010742.188;-127.996449
1025390.625;-128.13619
1040039.063;-128.160049
1054687.5;-128.136978
1069336;-128.432325
1083984.375;-128.613428
1098632.75;-128.396548
1113281.25;-128.517962
1127929.75;-128.561241
1142578.125;-128.296935
1157226.5;-128.201127
1171875;-127.97772
1186523.5;-128.04262
1201171.875;-128.58399
1215820.25;-128.866442
1230468.75;-128.79707
1245117.25;-128.802741
1259765.625;-128.555941
1274414;-128.359732
1289062.5;-128.493252
1303711;-128.429945
1318359.375;-128.492876
1333007.75;-128.632274
1347656.25;-128.528375
1362304.75;-128.476595
1376953.125;-128.354316
1391601.5;-128.263081
1406250;-128.2928
1420898.5;-128.274785
1435546.875;-128.177879
1450195.25;-128.091093
1464843.75;-128.120002
1479492.25;-128.278511
1494140.625;-128.392073
1508789;-128.415675
1523437.5;-128.637842
1538086;-128.946962
1552734.375;-128.972949
1567382.75;-128.255347
1582031.25;-127.595838
1596679.75;-127.735389
1611328.125;-127.993197
1625976.5;-128.053186
1640625;-128.128089
1655273.5;-128.084861
1669921.875;-127.904901
1684570.25;-127.918754
1699218.75;-128.212483
1713867.25;-128.255562
1728515.625;-128.266697
1743164;-128.145355
1757812.5;-128.14717
1772461;-128.182459
1787109.375;-128.125887
1801757.75;-128.441492
1816406.25;-128.578934
1831054.75;-128.186248
1845703.125;-127.979325
1860351.5;-128.035418
1875000;-128.182964
1889648.5;-128.486848
1904296.875;-128.601733
1918945.25;-128.52875
1933593.75;-128.278219
1948242.25;-128.041557
1962890.625;-128.178872
1977539;-128.369898
1992187.5;-128.504309
2006836;-128.666788
2021484.375;-128.794453
2036132.75;-128.571088
2050781.25;-128.257102
2065429.75;-128.092443
2080078.125;-128.018989
2094726.5;-127.904014
2109375;-127.847486
2124023.5;-128.119667
2138672;-128.724218
2153320.25;-128.798684
2167968.75;-128.43387
2182617.25;-128.175221
2197265.5;-128.153053
2211914;-128.216085
2226562.5;-128.508112
2241211;-128.882862
2255859.5;-128.8492
2270507.75;-128.588098
2285156.25;-128.367957
2299804.75;-128.169278
2314453;-128.279871
2329101.5;-128.485012
2343750;-128.532618
2358398.5;-128.544189
2373047;-128.687397
2387695.25;-128.760224
2402343.75;-128.494289
2416992.25;-128.415678
2431640.5;-128.651039
2446289;-128.593643
2460937.5;-128.263354
2475586;-128.333441
2490234.5;-128.534204
2504882.75;-128.429343
2519531.25;-128.308605
2534179.75;-128.743643
2548828;-129.219324
2563476.5;-128.924511
2578125;-128.483712
2592773.5;-128.391119
2607422;-128.355764
2622070.25;-128.301755
2636718.75;-128.543218
2651367.25;-128.725549
2666015.5;-128.704846
2680664;-128.846048
2695312.5;-128.800149
2709961;-128.415374
2724609.5;-128.062891
2739257.75;-128.293292
2753906.25;-128.751733
2768554.75;-128.884843
2783203;-128.616628
2797851.5;-128.395256
2812500;-128.585651
2827148.5;-128.83693
2841797;-128.771111
2856445.25;-128.730578
2871093.75;-128.70235
2885742.25;-128.673393
2900390.5;-128.657352
2915039;-128.657274
2929687.5;-128.673222
2944336;-128.697802
2958984.5;-128.722116
2973632.75;-128.74125
2988281.25;-128.753778
3000000;-128.625172
3017578;-128.496566
3046875;-128.472676
3076172;-128.4495
3105468.75;-128.449751
3134765.5;-128.479895
3164062.5;-128.566767
3193359.5;-128.749667
3222656.25;-128.989845
3251953;-129.200678
3281250;-129.319227
3310547;-129.348121
3339843.75;-129.331066
3369140.5;-129.27699
3398437.5;-129.165325
3427734.5;-129.009209
3457031.25;-128.880156
3486328;-128.844001
3515625;-128.876369
3544922;-128.895245
3574218.75;-128.870228
3603515.5;-128.847376
3632812.5;-128.854716
3662109.5;-128.864267
3691406.25;-128.880112
3720703;-128.926535
3750000;-128.971704
3779297;-128.999421
3808593.75;-129.055852
3837890.5;-129.152175
3867187.5;-129.195127
3896484.5;-129.103294
3925781.25;-128.982671
3955078;-128.980562
3984375;-129.051168
4013672;-129.045179
4042968.75;-128.933892
4072265.5;-128.819503
4101562.5;-128.789821
4130859.5;-128.814957
4160156.25;-128.779497
4189453;-128.660543
4218750;-128.570313
4248047;-128.591667
4277344;-128.716151
4306640.5;-128.878978
4335937.5;-128.995391
4365234.5;-129.030702
4394531;-128.980114
4423828;-128.816897
4453125;-128.610199
4482422;-128.524662
4511719;-128.574028
4541015.5;-128.577324
4570312.5;-128.484706
4599609.5;-128.479661
4628906;-128.619431
4658203;-128.734784
4687500;-128.755972
4716797;-128.793362
4746094;-128.881632
4775390.5;-128.978466
4804687.5;-129.10566
4833984.5;-129.239208
4863281;-129.232764
4892578;-129.099207
4921875;-129.062089
4951172;-129.17621
4980469;-129.264444
5009765.5;-129.233298
5039062.5;-129.149386
5068359.5;-129.057797
5097656;-128.943367
5126953;-128.790382
5156250;-128.653254
5185547;-128.639995
5214844;-128.759792
5244140.5;-128.878892
5273437.5;-128.920084
5302734.5;-128.959462
5332031;-129.038099
5361328;-129.14014
5390625;-129.331548
5419922;-129.646816
5449219;-129.921302
5478515.5;-129.967887
5507812.5;-129.841809
5537109.5;-129.693873
5566406;-129.579412
5595703;-129.52969
5625000;-129.585519
5654297;-129.707122
5683594;-129.752258
5712890.5;-129.612219
5742187.5;-129.373513
5771484.5;-129.252129
5800781;-129.347841
5830078;-129.508299
5859375;-129.486398
5888672;-129.260778
5917969;-129.01842
5947265.5;-128.892371
5976562.5;-128.90682
6005859.5;-129.049871
6035156;-129.290367
6064453;-129.576695
6093750;-129.853904
6123047;-130.035384
6152344;-130.019788
6181640.5;-129.814599
6210937.5;-129.55869
6240234.5;-129.412489
6269531;-129.449722
6298828;-129.601001
6328125;-129.709267
6357422;-129.700524
6386719;-129.677468
6416015.5;-129.755917
6445312.5;-129.85481
6474609.5;-129.807184
6503906;-129.650024
6533203;-129.557543
6562500;-129.622364
6591797;-129.79034
6621094;-129.879282
6650390.5;-129.781089
6679687.5;-129.615404
6708984.5;-129.509547
6738281;-129.424377
6767578;-129.287723
6796875;-129.153594
6826172;-129.123129
6855469;-129.179163
6884765.5;-129.223944
6914062.5;-129.259122
6943359.5;-129.372589
6972656;-129.559218
7001953;-129.707774
7031250;-129.763927
7060547;-129.780657
7089844;-129.803897
7119140.5;-129.81699
7148437.5;-129.790082
7177734.5;-129.73462
7207031;-129.700411
7236328;-129.70534
7265625;-129.690628
7294922;-129.620921
7324219;-129.602508
7353515.5;-129.756684
7382812.5;-130.016319
7412109.5;-130.169802
7441406;-130.139782
7470703;-130.095809
7500000;-130.181585
7529297;-130.27306
7558594;-130.149697
7587890.5;-129.860715
7617187.5;-129.654122
7646484.5;-129.663293
7675781;-129.836895
7705078;-130.063262
7734375;-130.252621
7763672;-130.280668
7792969;-130.080757
7822265.5;-129.814239
7851562.5;-129.694727
7880859.5;-129.764981
7910156;-129.926488
7939453;-130.073206
7968750;-130.170355
7998047;-130.24928
8027344;-130.346064
8056640.5;-130.424529
8085937.5;-130.403452
8115234.5;-130.28918
8144531;-130.160679
8173828;-130.027008
8203125;-129.865447
8232422;-129.75215
8261719;-129.78991
8291015.5;-129.927938
8320312.5;-129.968892
8349609.5;-129.848466
8378906;-129.751398
8408203;-129.832744
8437500;-130.023133
8466797;-130.156178
8496094;-130.19244
8525391;-130.169045
8554688;-130.086133
8583984;-129.983067
8613281;-129.920026
8642578;-129.8977
8671875;-129.920963
8701172;-130.041747
8730469;-130.282161
8759766;-130.557204
8789062;-130.652552
8818359;-130.44008
8847656;-130.146479
8876953;-130.041673
8906250;-130.096694
8935547;-130.179249
8964844;-130.284385
8994141;-130.406411
9023438;-130.506985
9052734;-130.588984
9082031;-130.578841
9111328;-130.41395
9140625;-130.241035
9169922;-130.184274
9199219;-130.157283
9228516;-130.078742
9257812;-130.034361
9287109;-130.125326
9316406;-130.273667
9345703;-130.254149
9375000;-130.046403
9404297;-129.921443
9433594;-130.022729
9462891;-130.208712
9492188;-130.306361
9521484;-130.267748
9550781;-130.087691
9580078;-129.832611
9609375;-129.645826
9638672;-129.585895
9667969;-129.578456
9697266;-129.565
9726562;-129.575408
9755859;-129.611031
9785156;-129.639713
9814453;-129.701122
9843750;-129.809561
9873047;-129.859898
9902344;-129.822826
9931641;-129.836002
9960938;-129.964134
10000000;-130.079482
